<?xml version="1.0" encoding="utf-8" standalone="no" ?>
<vehicle type="pallet">
    <storeData>
        <name>Tissue</name>
        <image>Paletten/Pallet.dds</image>
        <category>pallets</category>
        <brand>LIZARD</brand>
        <showInStore>false</showInStore>
        <canBeSold>false</canBeSold>
        <financeCategory>OTHER</financeCategory>
        <vertexBufferMemoryUsage>99904</vertexBufferMemoryUsage>
        <indexBufferMemoryUsage>22512</indexBufferMemoryUsage>
        <textureMemoryUsage>4194424</textureMemoryUsage>
        <instanceVertexBufferMemoryUsage>0</instanceVertexBufferMemoryUsage>
        <instanceIndexBufferMemoryUsage>0</instanceIndexBufferMemoryUsage>
        <price>15</price>
    </storeData>
    <base>
        <filename>Paletten/fabricpalett.i3d</filename>
        <size width="2" length="2" lengthOffset="0"/>
        <canBeReset>false</canBeReset>
        <input allowed="false"/>
        <components>
            <component centerOfMass="0 0.1 0" solverIterationCount="10" mass="100"/>
        </components>
    </base>
    <animations>
        <animation name="boxsack">
			<part node="milkcan1" startTime="0.000" endTime="0.001" visibility="false"/>
            <part node="milkcan1" startTime="0.001" endTime="1.000" visibility="true"/>
			
			<part node="milkcan2" startTime="0.000" endTime="0.025" visibility="false"/>
            <part node="milkcan2" startTime="0.025" endTime="1.000" visibility="true"/>
		    
			<part node="milkcan3" startTime="0.000" endTime="0.050" visibility="false"/>
            <part node="milkcan3" startTime="0.050" endTime="1.000" visibility="true"/>
			
			<part node="milkcan4" startTime="0.000" endTime="0.075" visibility="false"/>
            <part node="milkcan4" startTime="0.075" endTime="1.000" visibility="true"/>
			
			<part node="milkcan5" startTime="0.000" endTime="0.100" visibility="false"/>
            <part node="milkcan5" startTime="0.100" endTime="1.000" visibility="true"/>
			
			<part node="milkcan6" startTime="0.000" endTime="0.125" visibility="false"/>
            <part node="milkcan6" startTime="0.125" endTime="1.000" visibility="true"/>
			
			<part node="milkcan7" startTime="0.000" endTime="0.150" visibility="false"/>
            <part node="milkcan7" startTime="0.150" endTime="1.000" visibility="true"/>
			
			<part node="milkcan8" startTime="0.000" endTime="0.175" visibility="false"/>
            <part node="milkcan8" startTime="0.175" endTime="1.000" visibility="true"/>
		    
			<part node="milkcan9" startTime="0.000" endTime="0.200" visibility="false"/>
            <part node="milkcan9" startTime="0.200" endTime="1.000" visibility="true"/>
			
			<part node="milkcan10" startTime="0.000" endTime="0.225" visibility="false"/>
            <part node="milkcan10" startTime="0.225" endTime="1.000" visibility="true"/>
			
			<part node="milkcan11" startTime="0.000" endTime="0.250" visibility="false"/>
            <part node="milkcan11" startTime="0.250" endTime="1.000" visibility="true"/>
			
			<part node="milkcan12" startTime="0.000" endTime="0.275" visibility="false"/>
            <part node="milkcan12" startTime="0.275" endTime="1.000" visibility="true"/>
			
			<part node="milkcan13" startTime="0.000" endTime="0.300" visibility="false"/>
            <part node="milkcan13" startTime="0.300" endTime="1.000" visibility="true"/>
		</animation>
    </animations>
    <fillUnit>
        <fillUnitConfigurations>
            <fillUnitConfiguration>
                <fillUnits removeVehicleIfEmpty="true">
                    <fillUnit unit="$l10n_unit_literShort" fillTypes="fabric" capacity="6000">
                        <dashboard displayType="ANIMATION" valueType="fillLevel" animName="boxsack"/>
                    </fillUnit>
                </fillUnits>
            </fillUnitConfiguration>
        </fillUnitConfigurations>
    </fillUnit>
    
    <dischargeable requiresTipOcclusionArea="false">
        <dischargeNode node="0>" emptySpeed="1000" fillUnitIndex="1" maxDistance="6" canStartDischargeAutomatically="true">
            <trigger node="dischargeTrigger" />
        </dischargeNode>
    </dischargeable>
    
    <dynamicMount triggerNode="dynamicMountTrigger"/>
    
    <tensionBeltObject>
        <meshNodes>
            <meshNode node="tensionBeltShape"/>
        </meshNodes>
    </tensionBeltObject>
    
    <i3dMappings>
        <i3dMapping id="dynamicMountTrigger" node="0>0"/>
        <i3dMapping id="tensionBeltNode" node="0>1"/>
        <i3dMapping id="milkcan1" node="0>2|0"/>
        <i3dMapping id="milkcan2" node="0>2|1"/>
        <i3dMapping id="milkcan3" node="0>2|2"/>
        <i3dMapping id="milkcan4" node="0>2|3"/>
        <i3dMapping id="milkcan5" node="0>2|4"/>
        <i3dMapping id="milkcan6" node="0>2|5"/>
		<i3dMapping id="milkcan7" node="0>2|6"/>
        <i3dMapping id="milkcan8" node="0>2|7"/>
        <i3dMapping id="milkcan9" node="0>2|8"/>
		<i3dMapping id="milkcan10" node="0>2|9"/>
		<i3dMapping id="milkcan11" node="0>2|10"/>
		<i3dMapping id="milkcan12" node="0>2|11"/>
		<i3dMapping id="milkcan13" node="0>2|12"/>
        <i3dMapping id="dischargeTrigger" node="0>3"/>
        <i3dMapping id="boardPallet_vis" node="0>4"/>
        <i3dMapping id="tensionBeltShape" node="0>4|0"/>
    </i3dMappings>
</vehicle>
